2.0	647.0	10.0
2.0	721.0	10.0
2.0	971.0	10.0
2.0	1660.0	10.0
2.0	1750.0	10.0
2.0	1962.0	10.0
2.0	2059.0	10.0
2.0	2765.0	10.0
2.0	2825.0	10.0
5.0	2181.0	10.0
5.0	2585.0	10.0
7.0	1214.0	10.0
18.0	1729.0	10.0
21.0	2918.0	10.0
27.0	2921.0	10.0
28.0	661.0	10.0
28.0	2571.0	10.0
30.0	2924.0	10.0
33.0	2428.0	10.0
34.0	2422.0	10.0
35.0	2581.0	10.0
39.0	659.0	10.0
40.0	2008.0	10.0
49.0	1674.0	10.0
51.0	1674.0	10.0
60.0	1663.0	10.0
63.0	1666.0	10.0
65.0	2880.0	10.0
71.0	554.0	10.0
79.0	555.0	10.0
81.0	546.0	10.0
83.0	1246.0	10.0
90.0	2479.0	10.0
91.0	2697.0	10.0
92.0	900.0	10.0
92.0	2464.0	10.0
97.0	2878.0	10.0
99.0	2880.0	10.0
101.0	2533.0	10.0
104.0	845.0	10.0
106.0	849.0	10.0
106.0	2196.0	10.0
111.0	2189.0	10.0
120.0	789.0	10.0
132.0	803.0	10.0
132.0	805.0	10.0
158.0	1337.0	10.0
161.0	2479.0	10.0
166.0	2471.0	10.0
187.0	1241.0	10.0
188.0	2761.0	10.0
190.0	2915.0	10.0
193.0	773.0	10.0
193.0	775.0	10.0
196.0	1682.0	10.0
225.0	788.0	10.0
227.0	1563.0	10.0
229.0	2694.0	10.0
232.0	2380.0	10.0
234.0	430.0	10.0
234.0	2379.0	10.0
236.0	2387.0	10.0
241.0	2042.0	10.0
243.0	2039.0	10.0
247.0	1092.0	10.0
249.0	437.0	10.0
249.0	1092.0	10.0
252.0	431.0	10.0
264.0	432.0	10.0
264.0	1031.0	10.0
269.0	1878.0	10.0
272.0	1164.0	10.0
272.0	1220.0	10.0
274.0	1770.0	10.0
276.0	2518.0	10.0
277.0	399.0	10.0
277.0	1790.0	10.0
277.0	1792.0	10.0
279.0	2506.0	10.0
281.0	2506.0	10.0
283.0	814.0	10.0
283.0	2659.0	10.0
289.0	2279.0	10.0
291.0	737.0	10.0
291.0	739.0	10.0
291.0	2286.0	10.0
291.0	2329.0	10.0
294.0	2720.0	10.0
295.0	558.0	10.0
295.0	560.0	10.0
295.0	1424.0	10.0
297.0	2490.0	10.0
304.0	2497.0	10.0
336.0	1864.0	10.0
336.0	2133.0	10.0
336.0	2140.0	10.0
340.0	978.0	10.0
342.0	978.0	10.0
342.0	2146.0	10.0
342.0	3169.0	10.0
347.0	1051.0	10.0
347.0	2098.0	10.0
348.0	2125.0	10.0
349.0	1047.0	10.0
350.0	2125.0	10.0
354.0	1239.0	10.0
357.0	1044.0	10.0
359.0	1044.0	10.0
369.0	2432.0	10.0
369.0	2434.0	10.0
381.0	731.0	10.0
386.0	2824.0	10.0
395.0	574.0	10.0
395.0	2803.0	10.0
407.0	2545.0	10.0
421.0	1401.0	10.0
421.0	1470.0	10.0
421.0	1581.0	10.0
421.0	2675.0	10.0
423.0	1459.0	10.0
423.0	1461.0	10.0
423.0	1581.0	10.0
433.0	2189.0	10.0
450.0	1586.0	10.0
452.0	1586.0	10.0
453.0	3225.0	10.0
456.0	2276.0	10.0
462.0	2531.0	10.0
464.0	1226.0	10.0
466.0	1226.0	10.0
469.0	1651.0	10.0
477.0	1224.0	10.0
495.0	1582.0	10.0
498.0	2676.0	10.0
499.0	3148.0	10.0
502.0	1590.0	10.0
504.0	3162.0	10.0
509.0	2749.0	10.0
509.0	3167.0	10.0
510.0	1579.0	10.0
511.0	1796.0	10.0
518.0	3140.0	10.0
520.0	3140.0	10.0
522.0	1373.0	10.0
524.0	1374.0	10.0
526.0	1368.0	10.0
527.0	2574.0	10.0
529.0	1695.0	10.0
529.0	2574.0	10.0
530.0	883.0	10.0
530.0	1693.0	10.0
534.0	1696.0	10.0
537.0	1913.0	10.0
544.0	1152.0	10.0
550.0	367.0	10.0
557.0	1551.0	10.0
559.0	1550.0	10.0
559.0	2617.0	10.0
559.0	3274.0	10.0
560.0	372.0	10.0
561.0	1560.0	10.0
561.0	2617.0	10.0
562.0	370.0	10.0
562.0	1830.0	10.0
567.0	375.0	10.0
572.0	259.0	10.0
579.0	265.0	10.0
581.0	1308.0	10.0
581.0	1310.0	10.0
581.0	1995.0	10.0
581.0	1997.0	10.0
582.0	1342.0	10.0
582.0	1630.0	10.0
583.0	1626.0	10.0
585.0	2694.0	10.0
587.0	244.0	10.0
588.0	1626.0	10.0
588.0	2431.0	10.0
595.0	926.0	10.0
597.0	2224.0	10.0
599.0	1203.0	10.0
600.0	925.0	10.0
601.0	2497.0	10.0
602.0	1324.0	10.0
602.0	2199.0	10.0
607.0	2688.0	10.0
607.0	3121.0	10.0
607.0	3132.0	10.0
609.0	3132.0	10.0
610.0	2253.0	10.0
612.0	2219.0	10.0
614.0	2215.0	10.0
614.0	2679.0	10.0
624.0	1714.0	10.0
630.0	853.0	10.0
636.0	1611.0	10.0
643.0	1151.0	10.0
644.0	855.0	10.0
645.0	1151.0	10.0
648.0	2188.0	10.0
650.0	2188.0	10.0
650.0	3050.0	10.0
651.0	1532.0	10.0
657.0	3057.0	10.0
662.0	2913.0	10.0
664.0	2857.0	10.0
665.0	2852.0	10.0
670.0	306.0	10.0
670.0	1068.0	10.0
673.0	950.0	10.0
674.0	3053.0	10.0
675.0	950.0	10.0
676.0	212.0	10.0
676.0	3053.0	10.0
683.0	1145.0	10.0
687.0	2859.0	10.0
688.0	1151.0	10.0
689.0	602.0	10.0
689.0	1236.0	10.0
689.0	2859.0	10.0
691.0	1233.0	10.0
692.0	1033.0	10.0
692.0	1035.0	10.0
692.0	3317.0	10.0
696.0	2654.0	10.0
708.0	2308.0	10.0
709.0	219.0	10.0
709.0	224.0	10.0
710.0	1620.0	10.0
710.0	1717.0	10.0
710.0	2296.0	10.0
711.0	219.0	10.0
712.0	1717.0	10.0
717.0	1594.0	10.0
717.0	1597.0	10.0
718.0	2422.0	10.0
724.0	1299.0	10.0
725.0	219.0	10.0
725.0	604.0	10.0
727.0	604.0	10.0
728.0	212.0	10.0
728.0	3289.0	10.0
729.0	1042.0	10.0
731.0	3295.0	10.0
734.0	1643.0	10.0
743.0	1809.0	10.0
745.0	1801.0	10.0
746.0	2728.0	10.0
748.0	2021.0	10.0
750.0	738.0	10.0
765.0	1506.0	10.0
772.0	1505.0	10.0
775.0	1441.0	10.0
775.0	2230.0	10.0
775.0	3035.0	10.0
777.0	1441.0	10.0
778.0	1939.0	10.0
781.0	407.0	10.0
782.0	2230.0	10.0
782.0	3043.0	10.0
783.0	407.0	10.0
783.0	2763.0	10.0
786.0	1280.0	10.0
791.0	3030.0	10.0
792.0	1771.0	10.0
792.0	3013.0	10.0
792.0	3068.0	10.0
793.0	1141.0	10.0
793.0	3030.0	10.0
794.0	1771.0	10.0
796.0	2482.0	10.0
796.0	2484.0	10.0
797.0	902.0	10.0
797.0	3024.0	10.0
799.0	1509.0	10.0
801.0	1508.0	10.0
809.0	1087.0	10.0
812.0	1089.0	10.0
814.0	1084.0	10.0
814.0	2040.0	10.0
819.0	1057.0	10.0
819.0	1575.0	10.0
820.0	1539.0	10.0
823.0	1370.0	10.0
824.0	2036.0	10.0
831.0	3094.0	10.0
832.0	1228.0	10.0
833.0	1079.0	10.0
833.0	1547.0	10.0
835.0	569.0	10.0
836.0	559.0	10.0
837.0	569.0	10.0
838.0	367.0	10.0
840.0	365.0	10.0
840.0	367.0	10.0
843.0	2295.0	10.0
844.0	435.0	10.0
845.0	2290.0	10.0
846.0	1171.0	10.0
846.0	1173.0	10.0
848.0	1755.0	10.0
848.0	2854.0	10.0
850.0	385.0	10.0
850.0	387.0	10.0
855.0	2169.0	10.0
856.0	568.0	10.0
858.0	2172.0	10.0
859.0	558.0	10.0
860.0	3083.0	10.0
862.0	3082.0	10.0
862.0	3096.0	10.0
864.0	360.0	10.0
864.0	3151.0	10.0
866.0	359.0	10.0
867.0	808.0	10.0
870.0	368.0	10.0
877.0	2427.0	10.0
877.0	2787.0	10.0
878.0	2635.0	10.0
879.0	916.0	10.0
881.0	916.0	10.0
885.0	1486.0	10.0
887.0	1486.0	10.0
896.0	2159.0	10.0
906.0	3371.0	10.0
909.0	2051.0	10.0
915.0	3084.0	10.0
916.0	1322.0	10.0
919.0	2484.0	10.0
919.0	2486.0	10.0
920.0	1328.0	10.0
921.0	3090.0	10.0
924.0	2291.0	10.0
925.0	1318.0	10.0
927.0	1308.0	10.0
928.0	406.0	10.0
934.0	270.0	10.0
938.0	2077.0	10.0
939.0	1412.0	10.0
940.0	2083.0	10.0
941.0	765.0	10.0
941.0	1413.0	10.0
941.0	3060.0	10.0
943.0	1429.0	10.0
944.0	150.0	10.0
948.0	2670.0	10.0
952.0	1402.0	10.0
955.0	1865.0	10.0
956.0	1177.0	10.0
957.0	1424.0	10.0
958.0	3052.0	10.0
963.0	1884.0	10.0
964.0	166.0	10.0
964.0	197.0	10.0
964.0	855.0	10.0
969.0	1637.0	10.0
969.0	2801.0	10.0
970.0	800.0	10.0
970.0	1037.0	10.0
973.0	148.0	10.0
975.0	1025.0	10.0
976.0	1027.0	10.0
976.0	1192.0	10.0
976.0	1535.0	10.0
978.0	1025.0	10.0
979.0	1184.0	10.0
981.0	1526.0	10.0
983.0	2506.0	10.0
992.0	1298.0	10.0
992.0	2922.0	10.0
992.0	2970.0	10.0
993.0	2899.0	10.0
994.0	2970.0	10.0
996.0	1526.0	10.0
1008.0	1514.0	10.0
1012.0	1519.0	10.0
1013.0	1533.0	10.0
1014.0	879.0	10.0
1017.0	1529.0	10.0
1022.0	944.0	10.0
1023.0	2976.0	10.0
1025.0	576.0	10.0
1025.0	2135.0	10.0
1028.0	2138.0	10.0
1028.0	2535.0	10.0
1030.0	2859.0	10.0
1032.0	2801.0	10.0
1033.0	2859.0	10.0
1035.0	2913.0	10.0
1035.0	2915.0	10.0
1038.0	1102.0	10.0
1040.0	2430.0	10.0
1048.0	3014.0	10.0
1050.0	3014.0	10.0
1051.0	2246.0	10.0
1053.0	2248.0	10.0
1054.0	1887.0	10.0
1054.0	2973.0	10.0
1055.0	1482.0	10.0
1055.0	1890.0	10.0
1057.0	538.0	10.0
1058.0	533.0	10.0
1058.0	535.0	10.0
1058.0	3384.0	10.0
1059.0	1486.0	10.0
1059.0	2973.0	10.0
1061.0	2965.0	10.0
1063.0	1213.0	10.0
1065.0	1213.0	10.0
1065.0	1410.0	10.0
1071.0	2983.0	10.0
1072.0	1667.0	10.0
1072.0	2851.0	10.0
1072.0	2853.0	10.0
1073.0	2619.0	10.0
1082.0	1031.0	10.0
1082.0	2410.0	10.0
1087.0	1951.0	10.0
1094.0	1795.0	10.0
1096.0	1297.0	10.0
1096.0	1299.0	10.0
1098.0	2122.0	10.0
1098.0	2781.0	10.0
1100.0	2124.0	10.0
1102.0	1377.0	10.0
1109.0	1364.0	10.0
1109.0	1366.0	10.0
1114.0	2983.0	10.0
1115.0	1832.0	10.0
1117.0	1846.0	10.0
1121.0	1731.0	10.0
1125.0	251.0	10.0
1125.0	639.0	10.0
1125.0	1739.0	10.0
1126.0	615.0	10.0
1128.0	615.0	10.0
1133.0	2926.0	10.0
1138.0	1800.0	10.0
1139.0	2978.0	10.0
1140.0	865.0	10.0
1142.0	1734.0	10.0
1144.0	1738.0	10.0
1148.0	1730.0	10.0
1149.0	2029.0	10.0
1153.0	1434.0	10.0
1154.0	992.0	10.0
1154.0	1436.0	10.0
1155.0	1434.0	10.0
1156.0	992.0	10.0
1157.0	1433.0	10.0
1157.0	2588.0	10.0
1158.0	1570.0	10.0
1159.0	2481.0	10.0
1163.0	1564.0	10.0
1165.0	887.0	10.0
1166.0	1593.0	10.0
1167.0	343.0	10.0
1169.0	343.0	10.0
1171.0	871.0	10.0
1171.0	1439.0	10.0
1171.0	2094.0	10.0
1171.0	2317.0	10.0
1172.0	358.0	10.0
1175.0	1877.0	10.0
1178.0	2387.0	10.0
1182.0	3180.0	10.0
1189.0	501.0	10.0
1189.0	2164.0	10.0
1191.0	2336.0	10.0
1195.0	3388.0	10.0
1199.0	1271.0	10.0
1203.0	2965.0	10.0
1205.0	2891.0	10.0
1205.0	2953.0	10.0
1206.0	2925.0	10.0
1208.0	2446.0	10.0
1208.0	2925.0	10.0
1209.0	2890.0	10.0
1210.0	2448.0	10.0
1211.0	2890.0	10.0
1213.0	3069.0	10.0
1215.0	3069.0	10.0
1216.0	2365.0	10.0
1216.0	2894.0	10.0
1218.0	352.0	10.0
1218.0	850.0	10.0
1219.0	2988.0	10.0
1219.0	2990.0	10.0
1221.0	979.0	10.0
1222.0	1407.0	10.0
1224.0	1349.0	10.0
1226.0	1349.0	10.0
1231.0	1358.0	10.0
1237.0	3004.0	10.0
1243.0	1081.0	10.0
1244.0	1257.0	10.0
1246.0	775.0	10.0
1246.0	1257.0	10.0
1249.0	324.0	10.0
1250.0	1002.0	10.0
1254.0	218.0	10.0
1260.0	2844.0	10.0
1264.0	871.0	10.0
1269.0	3111.0	10.0
1269.0	3113.0	10.0
1269.0	3118.0	10.0
1273.0	2182.0	10.0
1276.0	1382.0	10.0
1279.0	2395.0	10.0
1279.0	2405.0	10.0
1281.0	835.0	10.0
1281.0	915.0	10.0
1281.0	2405.0	10.0
1283.0	835.0	10.0
1295.0	831.0	10.0
1298.0	2113.0	10.0
1302.0	2324.0	10.0
1304.0	477.0	10.0
1304.0	2483.0	10.0
1305.0	479.0	10.0
1310.0	2435.0	10.0
1311.0	3023.0	10.0
1314.0	2429.0	10.0
1315.0	1553.0	10.0
1319.0	508.0	10.0
1322.0	3367.0	10.0
1326.0	1228.0	10.0
1328.0	750.0	10.0
1328.0	2206.0	10.0
1330.0	2212.0	10.0
1331.0	2208.0	10.0
1338.0	1843.0	10.0
1338.0	3248.0	10.0
1340.0	1843.0	10.0
1341.0	2483.0	10.0
1342.0	1844.0	10.0
1343.0	2025.0	10.0
1343.0	2483.0	10.0
1344.0	3240.0	10.0
1352.0	1751.0	10.0
1352.0	1844.0	10.0
1354.0	1844.0	10.0
1354.0	1847.0	10.0
1357.0	1711.0	10.0
1357.0	2250.0	10.0
1368.0	172.0	10.0
1376.0	872.0	10.0
1378.0	931.0	10.0
1381.0	2185.0	10.0
1382.0	1945.0	10.0
1387.0	3274.0	10.0
1387.0	3278.0	10.0
1391.0	1481.0	10.0
1402.0	2705.0	10.0
1405.0	2071.0	10.0
1412.0	285.0	10.0
1412.0	1148.0	10.0
1413.0	1143.0	10.0
1413.0	1145.0	10.0
1417.0	3338.0	10.0
1420.0	1753.0	10.0
1421.0	311.0	10.0
1421.0	313.0	10.0
1423.0	3330.0	10.0
1425.0	2059.0	10.0
1426.0	312.0	10.0
1435.0	3102.0	10.0
1437.0	3216.0	10.0
1439.0	3094.0	10.0
1439.0	3096.0	10.0
1442.0	1803.0	10.0
1443.0	1761.0	10.0
1443.0	2691.0	10.0
1444.0	1811.0	10.0
1445.0	1761.0	10.0
1450.0	1303.0	10.0
1452.0	2700.0	10.0
1453.0	1009.0	10.0
1453.0	3359.0	10.0
1455.0	1568.0	10.0
1458.0	2214.0	10.0
1459.0	2137.0	10.0
1460.0	1611.0	10.0
1460.0	2218.0	10.0
1463.0	1433.0	10.0
1463.0	2337.0	10.0
1465.0	1798.0	10.0
1472.0	2316.0	10.0
1473.0	626.0	10.0
1478.0	627.0	10.0
1478.0	723.0	10.0
1480.0	1558.0	10.0
1482.0	2093.0	10.0
1483.0	1878.0	10.0
1484.0	2093.0	10.0
1488.0	1560.0	10.0
1490.0	1760.0	10.0
1492.0	1060.0	10.0
1492.0	1760.0	10.0
1494.0	1012.0	10.0
1498.0	3357.0	10.0
1505.0	942.0	10.0
1508.0	2194.0	10.0
1510.0	2195.0	10.0
1515.0	2448.0	10.0
1515.0	2455.0	10.0
1516.0	1958.0	10.0
1516.0	3285.0	10.0
1517.0	2448.0	10.0
1518.0	1958.0	10.0
1518.0	2192.0	10.0
1519.0	2060.0	10.0
1520.0	2062.0	10.0
1521.0	2197.0	10.0
1522.0	3284.0	10.0
1523.0	807.0	10.0
1523.0	3282.0	10.0
1524.0	3284.0	10.0
1525.0	807.0	10.0
1528.0	2621.0	10.0
1529.0	2471.0	10.0
1530.0	2586.0	10.0
1531.0	2611.0	10.0
1536.0	2553.0	10.0
1547.0	1775.0	10.0
1548.0	2564.0	10.0
1550.0	1329.0	10.0
1551.0	1327.0	10.0
1571.0	227.0	10.0
1575.0	506.0	10.0
1593.0	3187.0	10.0
1596.0	2199.0	10.0
1596.0	2211.0	10.0
1599.0	688.0	10.0
1608.0	1933.0	10.0
1617.0	1467.0	10.0
1618.0	1956.0	10.0
1620.0	1956.0	10.0
1628.0	1959.0	10.0
1629.0	316.0	10.0
1630.0	312.0	10.0
1630.0	1959.0	10.0
1631.0	3323.0	10.0
1633.0	2952.0	10.0
1634.0	2637.0	10.0
1638.0	2620.0	10.0
1638.0	2936.0	10.0
1640.0	2620.0	10.0
1641.0	2938.0	10.0
1642.0	311.0	10.0
1644.0	1767.0	10.0
1649.0	269.0	10.0
1653.0	2081.0	10.0
1653.0	2387.0	10.0
1653.0	2919.0	10.0
1654.0	2084.0	10.0
1658.0	2920.0	10.0
1662.0	2892.0	10.0
1668.0	2038.0	10.0
1670.0	1569.0	10.0
1680.0	3307.0	10.0
1684.0	2604.0	10.0
1691.0	1572.0	10.0
1691.0	1575.0	10.0
1692.0	451.0	10.0
1692.0	1549.0	10.0
1692.0	1996.0	10.0
1692.0	3141.0	10.0
1693.0	1999.0	10.0
1694.0	3136.0	10.0
1700.0	1189.0	10.0
1700.0	1524.0	10.0
1704.0	839.0	10.0
1704.0	1201.0	10.0
1707.0	1398.0	10.0
1708.0	1404.0	10.0
1714.0	1249.0	10.0
1714.0	1818.0	10.0
1716.0	1249.0	10.0
1718.0	1833.0	10.0
1718.0	1835.0	10.0
1722.0	667.0	10.0
1725.0	1349.0	10.0
1727.0	689.0	10.0
1727.0	2778.0	10.0
1730.0	2238.0	10.0
1734.0	1544.0	10.0
1735.0	695.0	10.0
1736.0	1539.0	10.0
1737.0	694.0	10.0
1742.0	2204.0	10.0
1742.0	2206.0	10.0
1749.0	2154.0	10.0
1753.0	1063.0	10.0
1753.0	1538.0	10.0
1754.0	1530.0	10.0
1755.0	1046.0	10.0
1755.0	1063.0	10.0
1764.0	2217.0	10.0
1768.0	2094.0	10.0
1770.0	1069.0	10.0
1770.0	2207.0	10.0
1772.0	1066.0	10.0
1772.0	1069.0	10.0
1783.0	2218.0	10.0
1787.0	2492.0	10.0
1787.0	2494.0	10.0
1788.0	2211.0	10.0
1789.0	2492.0	10.0
1790.0	556.0	10.0
1790.0	3044.0	10.0
1791.0	3041.0	10.0
1791.0	3139.0	10.0
1793.0	3139.0	10.0
1798.0	961.0	10.0
1798.0	1560.0	10.0
1800.0	2937.0	10.0
1801.0	697.0	10.0
1802.0	903.0	10.0
1803.0	697.0	10.0
1812.0	902.0	10.0
1816.0	2460.0	10.0
1818.0	877.0	10.0
1823.0	1077.0	10.0
1824.0	2546.0	10.0
1825.0	814.0	10.0
1834.0	500.0	10.0
1835.0	793.0	10.0
1837.0	793.0	10.0
1838.0	751.0	10.0
1841.0	281.0	10.0
1844.0	2755.0	10.0
1845.0	1959.0	10.0
1846.0	1376.0	10.0
1848.0	1361.0	10.0
1850.0	1360.0	10.0
1856.0	1126.0	10.0
1857.0	1696.0	10.0
1857.0	2779.0	10.0
1860.0	1689.0	10.0
1860.0	1691.0	10.0
1872.0	851.0	10.0
1872.0	934.0	10.0
1874.0	850.0	10.0
1874.0	2897.0	10.0
1875.0	870.0	10.0
1875.0	939.0	10.0
1876.0	2897.0	10.0
1877.0	870.0	10.0
1889.0	926.0	10.0
1889.0	3046.0	10.0
1890.0	917.0	10.0
1893.0	1896.0	10.0
1895.0	1896.0	10.0
1908.0	3187.0	10.0
1910.0	3182.0	10.0
1920.0	2123.0	10.0
1924.0	1762.0	10.0
1924.0	2298.0	10.0
1925.0	2691.0	10.0
1926.0	1762.0	10.0
1929.0	1711.0	10.0
1929.0	2694.0	10.0
1931.0	2033.0	10.0
1937.0	2675.0	10.0
1945.0	1410.0	10.0
1948.0	1737.0	10.0
1949.0	487.0	10.0
1953.0	3186.0	10.0
1965.0	1513.0	10.0
1967.0	1513.0	10.0
1970.0	1295.0	10.0
1977.0	2102.0	10.0
1978.0	672.0	10.0
1986.0	2326.0	10.0
1999.0	2194.0	10.0
2002.0	2188.0	10.0
2013.0	373.0	10.0
2015.0	383.0	10.0
2018.0	2194.0	10.0
2022.0	1809.0	10.0
2023.0	1428.0	10.0
2024.0	2900.0	10.0
2028.0	383.0	10.0
2029.0	1771.0	10.0
2032.0	2190.0	10.0
2040.0	1881.0	10.0
2044.0	1551.0	10.0
2045.0	1106.0	10.0
2047.0	2599.0	10.0
2048.0	1107.0	10.0
2049.0	979.0	10.0
2049.0	2200.0	10.0
2049.0	2594.0	10.0
2050.0	2123.0	10.0
2050.0	2452.0	10.0
2052.0	1160.0	10.0
2053.0	980.0	10.0
2054.0	901.0	10.0
2056.0	901.0	10.0
2057.0	2375.0	10.0
2057.0	2377.0	10.0
2060.0	1595.0	10.0
2061.0	903.0	10.0
2061.0	2376.0	10.0
2063.0	903.0	10.0
2070.0	791.0	10.0
2071.0	903.0	10.0
2071.0	2597.0	10.0
2073.0	902.0	10.0
2073.0	2207.0	10.0
2075.0	2202.0	10.0
2076.0	908.0	10.0
2078.0	1675.0	10.0
2080.0	2580.0	10.0
2083.0	2583.0	10.0
2083.0	2756.0	10.0
2089.0	1677.0	10.0
2091.0	1677.0	10.0
2104.0	2935.0	10.0
2105.0	1677.0	10.0
2105.0	2931.0	10.0
2107.0	1675.0	10.0
2107.0	1677.0	10.0
2120.0	2032.0	10.0
2121.0	1740.0	10.0
2121.0	1742.0	10.0
2124.0	2041.0	10.0
2125.0	1073.0	10.0
2127.0	2930.0	10.0
2129.0	1076.0	10.0
2129.0	2929.0	10.0
2134.0	1967.0	10.0
2137.0	1970.0	10.0
2139.0	2548.0	10.0
2142.0	2551.0	10.0
2145.0	1334.0	10.0
2145.0	1336.0	10.0
2145.0	2038.0	10.0
2147.0	2038.0	10.0
2147.0	2974.0	10.0
2152.0	895.0	10.0
2152.0	1968.0	10.0
2154.0	894.0	10.0
2156.0	1470.0	10.0
2158.0	1964.0	10.0
2161.0	1652.0	10.0
2177.0	1776.0	10.0
2185.0	1849.0	10.0
2190.0	1747.0	10.0
2194.0	1219.0	10.0
2196.0	1320.0	10.0
2201.0	1709.0	10.0
2204.0	1711.0	10.0
2207.0	1425.0	10.0
2209.0	1426.0	10.0
2212.0	1115.0	10.0
2214.0	1115.0	10.0
2216.0	1456.0	10.0
2228.0	1127.0	10.0
2235.0	1296.0	10.0
2236.0	2419.0	10.0
2239.0	875.0	10.0
2239.0	2235.0	10.0
2240.0	2265.0	10.0
2242.0	870.0	10.0
2242.0	2352.0	10.0
2244.0	1304.0	10.0
2244.0	2264.0	10.0
2244.0	2353.0	10.0
2246.0	2324.0	10.0
2249.0	1287.0	10.0
2250.0	2323.0	10.0
2250.0	2371.0	10.0
2253.0	2369.0	10.0
2264.0	893.0	10.0
2274.0	893.0	10.0
2288.0	2723.0	10.0
2297.0	2850.0	10.0
2314.0	2791.0	10.0
2314.0	2793.0	10.0
2322.0	2797.0	10.0
2327.0	926.0	10.0
2327.0	1716.0	10.0
2327.0	2903.0	10.0
2332.0	2712.0	10.0
2333.0	1868.0	10.0
2333.0	2248.0	10.0
2334.0	1282.0	10.0
2334.0	2056.0	10.0
2334.0	2509.0	10.0
2335.0	831.0	10.0
2335.0	1173.0	10.0
2335.0	1503.0	10.0
13.0	657.0	10.0
72.0	1104.0	10.0
25.0	2037.0	10.0
50.0	2728.0	10.0
58.0	2165.0	10.0
34.0	1701.0	10.0
64.0	2530.0	10.0
32.0	2575.0	10.0
27.0	2447.0	10.0
73.0	608.0	10.0
140.0	2047.0	10.0
58.0	1672.0	10.0
128.0	1653.0	10.0
82.0	581.0	10.0
96.0	1177.0	10.0
78.0	2723.0	10.0
94.0	871.0	10.0
95.0	856.0	10.0
85.0	2167.0	10.0
212.0	2202.0	10.0
192.0	1164.0	10.0
231.0	1246.0	10.0
203.0	2838.0	10.0
444.0	2987.0	10.0
207.0	2877.0	10.0
163.0	787.0	10.0
223.0	1733.0	10.0
187.0	920.0	10.0
321.0	1505.0	10.0
243.0	429.0	10.0
267.0	2358.0	10.0
301.0	1069.0	10.0
198.0	987.0	10.0
296.0	1989.0	10.0
265.0	1192.0	10.0
252.0	1232.0	10.0
313.0	1239.0	10.0
278.0	2512.0	10.0
293.0	2503.0	10.0
241.0	784.0	10.0
258.0	2237.0	10.0
280.0	2346.0	10.0
357.0	1388.0	10.0
299.0	2500.0	10.0
318.0	1820.0	10.0
358.0	1982.0	10.0
404.0	1800.0	10.0
311.0	2047.0	10.0
349.0	2110.0	10.0
367.0	2041.0	10.0
321.0	1046.0	10.0
338.0	717.0	10.0
530.0	2841.0	10.0
437.0	2546.0	10.0
371.0	1492.0	10.0
463.0	2603.0	10.0
456.0	2068.0	10.0
486.0	3201.0	10.0
452.0	2543.0	10.0
533.0	1259.0	10.0
502.0	3154.0	10.0
546.0	2721.0	10.0
545.0	1600.0	10.0
477.0	1426.0	10.0
503.0	2597.0	10.0
497.0	1634.0	10.0
567.0	1953.0	10.0
701.0	3190.0	10.0
564.0	2701.0	10.0
633.0	2356.0	10.0
663.0	1345.0	10.0
593.0	1312.0	10.0
609.0	2207.0	10.0
619.0	2237.0	10.0
616.0	2227.0	10.0
638.0	2213.0	10.0
680.0	2718.0	10.0
663.0	1731.0	10.0
637.0	857.0	10.0
576.0	3075.0	10.0
673.0	2885.0	10.0
597.0	2829.0	10.0
713.0	1263.0	10.0
747.0	2576.0	10.0
687.0	1729.0	10.0
729.0	1619.0	10.0
770.0	3202.0	10.0
635.0	1882.0	10.0
714.0	2730.0	10.0
634.0	2067.0	10.0
794.0	819.0	10.0
703.0	1413.0	10.0
767.0	2132.0	10.0
779.0	3038.0	10.0
922.0	1791.0	10.0
817.0	2255.0	10.0
807.0	382.0	10.0
811.0	1523.0	10.0
814.0	1071.0	10.0
783.0	2083.0	10.0
817.0	1531.0	10.0
828.0	1541.0	10.0
877.0	1943.0	10.0
775.0	3153.0	10.0
956.0	566.0	10.0
863.0	3089.0	10.0
818.0	3172.0	10.0
887.0	3117.0	10.0
905.0	320.0	10.0
896.0	2456.0	10.0
847.0	2552.0	10.0
909.0	2565.0	10.0
963.0	2160.0	10.0
971.0	1963.0	10.0
912.0	2468.0	10.0
934.0	3077.0	10.0
960.0	1322.0	10.0
1048.0	313.0	10.0
1014.0	2019.0	10.0
967.0	1181.0	10.0
991.0	1131.0	10.0
1005.0	3046.0	10.0
927.0	1926.0	10.0
1024.0	1838.0	10.0
973.0	159.0	10.0
1113.0	216.0	10.0
988.0	2850.0	10.0
1008.0	1064.0	10.0
978.0	1314.0	10.0
996.0	2911.0	10.0
998.0	2875.0	10.0
1003.0	1530.0	10.0
1000.0	1519.0	10.0
997.0	2152.0	10.0
1012.0	2668.0	10.0
1050.0	2483.0	10.0
1014.0	2735.0	10.0
1038.0	2830.0	10.0
1037.0	2845.0	10.0
1017.0	1121.0	10.0
1068.0	1073.0	10.0
1021.0	3198.0	10.0
976.0	2374.0	10.0
1088.0	1869.0	10.0
1007.0	533.0	10.0
1073.0	1450.0	10.0
1087.0	2967.0	10.0
1189.0	1166.0	10.0
991.0	1715.0	10.0
1059.0	2887.0	10.0
1121.0	2447.0	10.0
1040.0	1972.0	10.0
1078.0	1258.0	10.0
1095.0	1331.0	10.0
1095.0	2819.0	10.0
1135.0	2115.0	10.0
1153.0	2994.0	10.0
1126.0	2980.0	10.0
1100.0	1852.0	10.0
1147.0	1856.0	10.0
1224.0	680.0	10.0
1169.0	2915.0	10.0
1133.0	2979.0	10.0
1275.0	1619.0	10.0
1143.0	1392.0	10.0
1164.0	1436.0	10.0
1164.0	2737.0	10.0
1161.0	1580.0	10.0
1137.0	2468.0	10.0
1255.0	2654.0	10.0
1183.0	2464.0	10.0
1170.0	880.0	10.0
1108.0	322.0	10.0
1155.0	2108.0	10.0
1177.0	2328.0	10.0
1162.0	1866.0	10.0
1208.0	3124.0	10.0
1201.0	2350.0	10.0
1230.0	2260.0	10.0
1210.0	3284.0	10.0
1342.0	1334.0	10.0
1204.0	2939.0	10.0
1419.0	2827.0	10.0
1201.0	3094.0	10.0
1269.0	409.0	10.0
1236.0	343.0	10.0
1249.0	833.0	10.0
1207.0	3029.0	10.0
1234.0	991.0	10.0
1271.0	963.0	10.0
1303.0	1465.0	10.0
1252.0	1357.0	10.0
1227.0	1355.0	10.0
1231.0	2993.0	10.0
1242.0	997.0	10.0
1181.0	215.0	10.0
1277.0	2747.0	10.0
1272.0	853.0	10.0
1239.0	2217.0	10.0
1307.0	2362.0	10.0
1283.0	940.0	10.0
1292.0	2421.0	10.0
1349.0	2136.0	10.0
1310.0	2343.0	10.0
1292.0	441.0	10.0
1322.0	2488.0	10.0
1334.0	2454.0	10.0
1373.0	3063.0	10.0
1385.0	1555.0	10.0
1341.0	3318.0	10.0
1274.0	717.0	10.0
1382.0	2045.0	10.0
1380.0	2593.0	10.0
1304.0	3174.0	10.0
1395.0	1802.0	10.0
1392.0	1729.0	10.0
1403.0	2293.0	10.0
1409.0	227.0	10.0
1420.0	2214.0	10.0
1347.0	1483.0	10.0
1390.0	2649.0	10.0
1415.0	2064.0	10.0
1410.0	1739.0	10.0
1435.0	3347.0	10.0
1406.0	2043.0	10.0
1421.0	2062.0	10.0
1447.0	2694.0	10.0
1500.0	1330.0	10.0
1470.0	1038.0	10.0
1443.0	3356.0	10.0
1420.0	1551.0	10.0
1463.0	1589.0	10.0
1468.0	1563.0	10.0
1473.0	2116.0	10.0
1464.0	1600.0	10.0
1441.0	2223.0	10.0
1486.0	2209.0	10.0
1576.0	1477.0	10.0
1467.0	2326.0	10.0
1469.0	2394.0	10.0
1459.0	1777.0	10.0
1471.0	2321.0	10.0
1475.0	1561.0	10.0
1510.0	1913.0	10.0
1537.0	1665.0	10.0
1478.0	1053.0	10.0
1587.0	1155.0	10.0
1517.0	3323.0	10.0
1499.0	2203.0	10.0
1496.0	2521.0	10.0
1525.0	2461.0	10.0
1568.0	1971.0	10.0
1556.0	2178.0	10.0
1587.0	2044.0	10.0
1500.0	2728.0	10.0
1531.0	2466.0	10.0
1543.0	2576.0	10.0
1548.0	2570.0	10.0
1525.0	1337.0	10.0
1630.0	1361.0	10.0
1585.0	277.0	10.0
1627.0	468.0	10.0
1621.0	3120.0	10.0
1650.0	3242.0	10.0
1596.0	2204.0	10.0
1663.0	680.0	10.0
1616.0	1944.0	10.0
1715.0	2969.0	10.0
1638.0	2629.0	10.0
1671.0	381.0	10.0
1654.0	3279.0	10.0
1694.0	415.0	10.0
1660.0	466.0	10.0
1697.0	1537.0	10.0
1702.0	1194.0	10.0
1718.0	1528.0	10.0
1762.0	855.0	10.0
1671.0	1367.0	10.0
1557.0	1269.0	10.0
1716.0	1825.0	10.0
1727.0	677.0	10.0
1786.0	1349.0	10.0
1695.0	681.0	10.0
1729.0	683.0	10.0
1780.0	1546.0	10.0
1775.0	1003.0	10.0
1818.0	1085.0	10.0
1793.0	3091.0	10.0
1784.0	980.0	10.0
1835.0	958.0	10.0
1794.0	1547.0	10.0
1834.0	2907.0	10.0
1823.0	725.0	10.0
1806.0	930.0	10.0
1845.0	2372.0	10.0
1940.0	2503.0	10.0
1789.0	871.0	10.0
1845.0	882.0	10.0
1827.0	804.0	10.0
1826.0	741.0	10.0
1869.0	390.0	10.0
1849.0	1369.0	10.0
1901.0	1364.0	10.0
1936.0	762.0	10.0
2011.0	1985.0	10.0
1954.0	2325.0	10.0
1969.0	1799.0	10.0
1960.0	2063.0	10.0
2016.0	1710.0	10.0
1897.0	446.0	10.0
1978.0	2083.0	10.0
2006.0	2127.0	10.0
1972.0	718.0	10.0
1970.0	2329.0	10.0
2015.0	378.0	10.0
2021.0	383.0	10.0
2041.0	2193.0	10.0
1984.0	2561.0	10.0
2028.0	2124.0	10.0
2046.0	2156.0	10.0
2076.0	2074.0	10.0
2052.0	1637.0	10.0
2137.0	1550.0	10.0
2137.0	2737.0	10.0
2060.0	1658.0	10.0
2051.0	1700.0	10.0
2135.0	1666.0	10.0
2127.0	1205.0	10.0
2144.0	1969.0	10.0
2113.0	1270.0	10.0
2242.0	2073.0	10.0
2140.0	2951.0	10.0
2196.0	874.0	10.0
2199.0	1912.0	10.0
2254.0	1944.0	10.0
2149.0	1661.0	10.0
2182.0	1762.0	10.0
2186.0	1754.0	10.0
2259.0	1736.0	10.0
2296.0	1615.0	10.0
2241.0	1290.0	10.0
2250.0	883.0	10.0
2246.0	2361.0	10.0
2247.0	2339.0	10.0
2291.0	1293.0	10.0
2251.0	2330.0	10.0
2299.0	912.0	10.0
2294.0	1721.0	10.0
2290.0	2076.0	10.0
6.0	654.0	10.0
